AML, KMT2A-r	#2ED9FF
AML, RUNX1::RUNX1T1	#F8A19F
AML, CBFB::MYH11	#FEAF16
AML, NPM1alt	#FA0087
AML, NUP98-r	#D85FF7
AML, CEBPAalt	#F7E1A0
AML, CBFA2T3::GLIS2	#7ED7D1
AML, DEK::NUP214	#85660D
AML, APL-PML::RARA	#BDCDFF
AML, ETV6-r	#782AB6
AML, KAT6A-r	#C4451C
AML, PICALM::MLLT10	#DEA0FD
AML, RBM15::MKL1	#AA0DFE
AML, MECOM-r	#822E1C
AML, FUS::ERG	#90AD1C
AML, BCR::ABL1	#1CBE4F
B-ALL, high hyperdiploid	#1C7F93
B-ALL, ETV6::RUNX1	#B00068
B-ALL, BCR::ABL1-like	#AAF400
B-ALL, KMT2A-r	#5A5156
B-ALL, PAX5alt	#66B0FF
B-ALL, DUX4-r	#325A9B
B-ALL, BCR::ABL1	#FBE426
B-ALL, TCF3::PBX1	#FE00FA
B-ALL, hypodiploid	#683B79
B-ALL, ZNF384-r	#B5EFB5
B-ALL, ETV6::RUNX1-like	#FC1CBF
B-ALL, MEF2D-r	#16FF32
B-ALL, iAMP21	#C075A6
B-ALL, PAX5 P80R	#3283FE
B-ALL, NUTM1-r	#3B00FB
B-ALL, MYC-r	#1C8356
B-ALL, HLF-r	#B10DA1
B-ALL, IKZF1 N159Y	#F6222E
T-ALL	#1CFFCE
Non-leukemic	#E4E1E3
